pk_TimeStamp,Vaz達o m3/h,SP_Velocidade,feed_velocidade,feed_corrente,feed_tens達o,SP_Velocidade_BA03,feed_velocidade_BA03,feed_corrente_BA03,feed_tens達o_BA03,SP_Velocidade_BA04,feed_velocidade_BA04,feed_corrente_BA04,feed_tens達o_BA04,BA01_status,BA03_status,BA04_status
2024-05-16 13:00:00.002570,22.14118194580078,72.0,71.90185546875,4.8,367.6056213378906,68.0,67.90283203125,7.9,378.16900634765625,60.0,61.0,8.20334529876709,0.3225837051868438,1.0,1.0,1.0
2024-05-16 13:00:00.002581,22.122386932373047,72.0,71.90185546875,4.8,368.3098449707031,68.0,67.90283203125,7.9,377.46478271484375,60.0,61.0,8.20334529876709,0.3225837051868438,1.0,1.0,1.0
2024-05-16 13:00:00.002593,22.07025718688965,72.0,71.90185546875,4.8,367.6056213378906,68.0,67.90283203125,7.9,378.16900634765625,60.0,61.0,8.160204887390137,0.3235293328762054,1.0,1.0,1.0
2024-05-16 13:00:00.002604,22.06147575378418,72.0,71.90185546875,4.8,367.6056213378906,68.0,67.90283203125,7.9,377.46478271484375,60.0,61.0,8.160204887390137,0.3235293328762054,1.0,1.0,1.0
2024-05-16 13:00:00.002616,22.14959716796875,72.0,71.90185546875,4.8,368.3098449707031,68.0,67.90283203125,7.9,378.8732299804688,60.0,61.0,8.160204887390137,0.3235293328762054,1.0,1.0,1.0
2024-05-16 13:00:00.002627,22.12335205078125,72.0,71.90185546875,4.8,367.6056213378906,68.0,67.90283203125,7.9,377.46478271484375,60.0,61.0,8.113659858703613,0.323486328125,1.0,1.0,1.0
2024-05-16 13:00:00.002639,22.040264129638672,72.0,71.90185546875,4.8,367.6056213378906,68.0,67.90283203125,7.9,378.16900634765625,60.0,61.0,8.11138916015625,0.3233574032783508,1.0,1.0,1.0
2024-05-16 13:00:00.002650,22.070068359375,72.0,71.90185546875,4.8,367.6056213378906,68.0,67.90283203125,7.9,378.8732299804688,60.0,61.0,8.11138916015625,0.3233574032783508,1.0,1.0,1.0
2024-05-16 13:00:00.002662,22.06993293762207,72.0,71.90185546875,4.8,368.3098449707031,68.0,67.90283203125,7.9,378.8732299804688,60.0,61.0,8.11138916015625,0.3233574032783508,1.0,1.0,1.0
2024-05-16 13:00:00.002674,22.04948616027832,72.0,71.90185546875,4.8,367.6056213378906,68.0,67.90283203125,7.9,377.46478271484375,60.0,61.0,8.143176078796387,0.3240451216697693,1.0,1.0,1.0
2024-05-16 13:00:00.002685,22.036657333374023,72.0,71.90185546875,4.8,368.3098449707031,68.0,67.90283203125,7.9,377.46478271484375,60.0,61.0,8.143176078796387,0.3240451216697693,1.0,1.0,1.0
2024-05-16 13:00:00.002697,22.05277442932129,72.0,71.90185546875,4.8,367.6056213378906,68.0,67.90283203125,7.9,376.7605590820313,60.0,61.0,8.143176078796387,0.3240451216697693,1.0,1.0,1.0
2024-05-16 13:00:00.002708,22.034881591796875,72.0,71.90185546875,4.8,366.1971740722656,68.0,67.90283203125,7.9,375.3521118164063,60.0,61.0,8.14658260345459,0.3233574032783508,1.0,1.0,1.0
2024-05-16 13:00:00.002720,22.03587913513184,72.0,71.90185546875,4.8,366.1971740722656,68.0,67.90283203125,7.9,376.7605590820313,60.0,61.0,8.14658260345459,0.3233574032783508,1.0,1.0,1.0
2024-05-16 13:00:00.002731,22.06767463684082,72.0,71.90185546875,4.8,366.9013977050781,68.0,67.90283203125,7.9,375.3521118164063,60.0,61.0,8.14658260345459,0.3233574032783508,1.0,1.0,1.0
2024-05-16 13:00:00.002743,22.06188201904297,72.0,71.90185546875,4.8,369.01409912109375,68.0,67.90283203125,7.9,376.0563354492188,60.0,61.0,8.15679931640625,0.3233574032783508,1.0,1.0,1.0
2024-05-16 13:00:00.002755,22.057212829589844,72.0,71.90185546875,4.8,368.3098449707031,68.0,67.90283203125,8.0,376.7605590820313,60.0,61.0,8.15679931640625,0.3233574032783508,1.0,1.0,1.0
2024-05-16 13:00:00.002766,22.077268600463867,72.0,71.90185546875,4.8,367.6056213378906,68.0,67.90283203125,7.9,377.46478271484375,60.0,61.0,8.15679931640625,0.3233574032783508,1.0,1.0,1.0
2024-05-16 13:00:00.002778,22.03873062133789,72.0,71.90185546875,4.8,367.6056213378906,68.0,67.90283203125,7.9,376.0563354492188,60.0,61.0,8.15679931640625,0.3233574032783508,1.0,1.0,1.0
2024-05-16 13:00:00.002789,22.02799797058105,72.0,71.90185546875,4.8,368.3098449707031,68.0,67.90283203125,8.0,376.7605590820313,60.0,61.0,8.16928768157959,0.3233143985271454,1.0,1.0,1.0
2024-05-16 13:00:00.002800,22.07284545898437,72.0,71.90185546875,4.8,367.6056213378906,68.0,67.90283203125,7.9,375.3521118164063,60.0,61.0,8.16928768157959,0.3233143985271454,1.0,1.0,1.0
2024-05-16 13:00:00.002801,22.07672691345215,72.0,71.90185546875,4.8,367.6056213378906,68.0,67.90283203125,7.9,375.3521118164063,60.0,61.0,8.16928768157959,0.3233143985271454,1.0,1.0,1.0
2024-05-16 13:00:00.002812,22.077083587646484,72.0,71.90185546875,4.8,366.1971740722656,68.0,67.90283203125,7.9,376.0563354492188,60.0,61.0,8.16928768157959,0.3233143985271454,1.0,1.0,1.0
2024-05-16 13:00:00.002824,22.087236404418945,72.0,71.90185546875,4.8,368.3098449707031,68.0,67.90283203125,7.9,376.0563354492188,60.0,61.0,8.238537788391113,0.3231424689292907,1.0,1.0,1.0
2024-05-16 13:00:00.002836,22.10340690612793,72.0,71.90185546875,4.8,367.6056213378906,68.0,67.90283203125,7.9,376.0563354492188,60.0,61.0,8.238537788391113,0.3231424689292907,1.0,1.0,1.0
2024-05-16 13:00:00.002844,22.11618995666504,72.0,71.90185546875,4.8,367.6056213378906,68.0,67.90283203125,7.9,377.46478271484375,60.0,61.0,8.238537788391113,0.3231424689292907,1.0,1.0,1.0
2024-05-16 13:00:00.002847,22.099363327026367,72.0,71.90185546875,4.8,368.3098449707031,68.0,67.90283203125,7.9,377.46478271484375,60.0,61.0,8.238537788391113,0.3231424689292907,1.0,1.0,1.0
2024-05-16 13:00:00.002859,22.04887962341309,72.0,71.90185546875,4.8,368.3098449707031,68.0,67.90283203125,7.9,377.46478271484375,60.0,61.0,8.184045791625977,0.3230994939804077,1.0,1.0,1.0
2024-05-16 13:00:00.002870,22.113666534423828,72.0,71.90185546875,4.8,367.6056213378906,68.0,67.90283203125,7.9,377.46478271484375,60.0,61.0,8.16815185546875,0.3227126598358154,1.0,1.0,1.0
2024-05-16 13:00:00.002882,22.127105712890625,72.0,71.90185546875,4.8,368.3098449707031,68.0,67.90283203125,7.9,376.0563354492188,60.0,61.0,8.16815185546875,0.3227126598358154,1.0,1.0,1.0
2024-05-16 13:00:00.002893,22.09618186950684,72.0,71.90185546875,4.8,367.6056213378906,68.0,67.90283203125,7.9,376.7605590820313,60.0,61.0,8.16815185546875,0.3227126598358154,1.0,1.0,1.0
2024-05-16 13:00:00.002905,22.08021354675293,72.0,71.90185546875,4.8,368.3098449707031,68.0,67.90283203125,7.9,376.7605590820313,60.0,61.0,8.15793514251709,0.3232714235782623,1.0,1.0,1.0
2024-05-16 13:00:00.002917,22.09000587463379,72.0,71.90185546875,4.8,368.3098449707031,68.0,67.90283203125,7.9,377.46478271484375,60.0,61.0,8.15793514251709,0.3232714235782623,1.0,1.0,1.0
2024-05-16 13:00:00.002928,22.06761741638184,72.0,71.90185546875,4.8,368.3098449707031,68.0,67.90283203125,7.9,377.46478271484375,60.0,61.0,8.15793514251709,0.3232714235782623,1.0,1.0,1.0
2024-05-16 13:00:00.002940,22.128921508789062,72.0,71.90185546875,4.8,367.6056213378906,68.0,67.90283203125,7.9,377.46478271484375,60.0,61.0,8.159070014953613,0.3236152827739715,1.0,1.0,1.0
2024-05-16 13:00:00.002951,22.10905265808105,72.0,71.90185546875,4.8,366.9013977050781,68.0,67.90283203125,7.9,376.7605590820313,60.0,61.0,8.159070014953613,0.3236152827739715,1.0,1.0,1.0
2024-05-16 13:00:00.002963,22.0507869720459,72.0,71.90185546875,4.8,366.9013977050781,68.0,67.90283203125,7.9,376.7605590820313,60.0,61.0,8.159070014953613,0.3236152827739715,1.0,1.0,1.0
2024-05-16 13:00:00.002974,22.0507869720459,72.0,71.90185546875,4.8,366.9013977050781,68.0,67.90283203125,7.9,376.0563354492188,60.0,61.0,8.159070014953613,0.3236152827739715,1.0,1.0,1.0
2024-05-16 13:00:00.002986,22.051469802856445,72.0,71.90185546875,4.8,367.6056213378906,68.0,67.90283203125,7.9,376.0563354492188,60.0,61.0,8.0716552734375,0.3234003782272339,1.0,1.0,1.0
2024-05-16 13:00:00.002998,22.04542732238769,72.0,71.90185546875,4.8,366.1971740722656,68.0,67.90283203125,7.9,376.0563354492188,60.0,61.0,8.0716552734375,0.3234003782272339,1.0,1.0,1.0
2024-05-16 13:00:00.003009,22.037702560424805,72.0,71.90185546875,4.8,365.4929504394531,68.0,67.90283203125,8.0,375.3521118164063,60.0,61.0,8.0716552734375,0.3234003782272339,1.0,1.0,1.0
2024-05-16 13:00:00.003021,22.0378475189209,72.0,71.90185546875,4.8,366.1971740722656,68.0,67.90283203125,8.0,375.3521118164063,60.0,61.0,8.115930557250977,0.3233143985271454,1.0,1.0,1.0
2024-05-16 13:00:00.003032,22.00031089782715,72.0,71.90185546875,4.8,366.9013977050781,68.0,67.90283203125,8.0,376.0563354492188,60.0,61.0,8.115930557250977,0.3233143985271454,1.0,1.0,1.0
2024-05-16 13:00:00.003044,21.979398727416992,72.0,71.90185546875,4.8,366.1971740722656,68.0,67.90283203125,7.9,376.0563354492188,60.0,61.0,8.115930557250977,0.3233143985271454,1.0,1.0,1.0
2024-05-16 13:00:00.003056,22.10657119750977,72.0,71.90185546875,4.8,366.9013977050781,68.0,67.90283203125,7.9,376.7605590820313,60.0,61.0,8.130688667297363,0.3226266801357269,1.0,1.0,1.0
2024-05-16 13:00:00.003067,22.12178039550781,72.0,71.90185546875,4.8,367.6056213378906,68.0,67.90283203125,8.0,376.0563354492188,60.0,61.0,8.130688667297363,0.3226266801357269,1.0,1.0,1.0
2024-05-16 13:00:00.003079,22.042116165161133,72.0,71.90185546875,4.8,367.6056213378906,68.0,67.90283203125,7.9,376.7605590820313,60.0,61.0,8.130688667297363,0.3226266801357269,1.0,1.0,1.0
2024-05-16 13:00:00.003090,22.03849029541016,72.0,71.90185546875,4.8,367.6056213378906,68.0,67.90283203125,7.9,376.7605590820313,60.0,61.0,8.14658260345459,0.3229705393314361,1.0,1.0,1.0
2024-05-16 13:00:00.003102,22.014278411865234,72.0,71.90185546875,4.8,366.9013977050781,68.0,67.90283203125,7.9,375.3521118164063,60.0,61.0,8.14658260345459,0.3229705393314361,1.0,1.0,1.0
2024-05-16 13:00:00.003113,22.05386734008789,72.0,71.90185546875,4.8,367.6056213378906,68.0,67.90283203125,7.9,376.0563354492188,60.0,61.0,8.14658260345459,0.3229705393314361,1.0,1.0,1.0
2024-05-16 13:00:00.003125,22.14187812805176,72.0,71.90185546875,4.8,366.9013977050781,68.0,67.90283203125,7.9,376.0563354492188,60.0,61.0,8.14658260345459,0.3229705393314361,1.0,1.0,1.0
2024-05-16 13:00:00.003137,22.12692642211914,72.0,71.90185546875,4.8,367.6056213378906,68.0,67.90283203125,7.9,375.3521118164063,60.0,61.0,8.138635635375977,0.3234433531761169,1.0,1.0,1.0
2024-05-16 13:00:00.003148,22.07646942138672,72.0,71.90185546875,4.8,367.6056213378906,68.0,67.90283203125,8.0,376.0563354492188,60.0,61.0,8.138635635375977,0.3234433531761169,1.0,1.0,1.0
2024-05-16 13:00:00.003160,22.13804244995117,72.0,71.90185546875,4.8,366.9013977050781,68.0,67.90283203125,7.9,376.0563354492188,60.0,61.0,8.138635635375977,0.3234433531761169,1.0,1.0,1.0
2024-05-16 13:00:00.003171,22.14856719970703,72.0,71.90185546875,4.8,366.9013977050781,68.0,67.90283203125,8.0,376.7605590820313,60.0,61.0,8.10684871673584,0.3236582577228546,1.0,1.0,1.0
2024-05-16 13:00:00.003183,22.11764335632324,72.0,71.90185546875,4.8,366.9013977050781,68.0,67.90283203125,8.0,375.3521118164063,60.0,61.0,8.10684871673584,0.3236582577228546,1.0,1.0,1.0
2024-05-16 13:00:00.003195,22.148576736450195,72.0,71.90185546875,4.8,366.1971740722656,68.0,67.90283203125,7.9,375.3521118164063,60.0,61.0,8.10684871673584,0.3236582577228546,1.0,1.0,1.0
2024-05-16 13:00:00.003206,22.092470169067383,72.0,71.90185546875,4.8,367.6056213378906,68.0,67.90283203125,7.9,376.0563354492188,60.0,61.0,8.10684871673584,0.3236582577228546,1.0,1.0,1.0
2024-05-16 13:00:00.003218,21.98712539672852,72.0,71.90185546875,4.8,366.9013977050781,68.0,67.90283203125,7.9,376.0563354492188,60.0,61.0,8.080737113952637,0.3232284486293793,1.0,1.0,1.0
2024-05-16 13:00:00.003229,22.111799240112305,72.0,71.90185546875,4.8,366.9013977050781,68.0,67.90283203125,7.9,376.7605590820313,60.0,61.0,8.080737113952637,0.3232284486293793,1.0,1.0,1.0
2024-05-16 13:00:00.003241,22.141881942749023,72.0,71.90185546875,4.8,365.4929504394531,68.0,67.90283203125,7.9,374.64788818359375,60.0,61.0,8.080737113952637,0.3232284486293793,1.0,1.0,1.0
2024-05-16 13:00:00.003252,22.10504913330078,72.0,71.90185546875,4.8,367.6056213378906,68.0,67.90283203125,8.0,375.3521118164063,60.0,61.0,8.121606826782227,0.3230565190315246,1.0,1.0,1.0
2024-05-16 13:00:00.003264,22.132797241210938,72.0,71.90185546875,4.8,366.9013977050781,68.0,67.90283203125,7.9,375.3521118164063,60.0,61.0,8.121606826782227,0.3230565190315246,1.0,1.0,1.0
2024-05-16 13:00:00.003275,22.089683532714844,72.0,71.90185546875,4.8,367.6056213378906,68.0,67.90283203125,7.9,373.9436645507813,60.0,61.0,8.121606826782227,0.3230565190315246,1.0,1.0,1.0
2024-05-16 13:00:00.003287,22.035812377929688,72.0,71.90185546875,4.8,366.9013977050781,68.0,67.90283203125,7.9,375.3521118164063,60.0,61.0,8.142041206359863,0.323486328125,1.0,1.0,1.0
2024-05-16 13:00:00.003299,22.10597419738769,72.0,71.90185546875,4.8,367.6056213378906,68.0,67.90283203125,7.9,375.3521118164063,60.0,61.0,8.142041206359863,0.323486328125,1.0,1.0,1.0
2024-05-16 13:00:00.003310,22.076492309570312,72.0,71.90185546875,4.8,367.6056213378906,68.0,67.90283203125,7.9,376.7605590820313,60.0,61.0,8.142041206359863,0.323486328125,1.0,1.0,1.0
2024-05-16 13:00:00.003322,22.07911872863769,72.0,71.90185546875,4.8,368.3098449707031,68.0,67.90283203125,7.9,375.3521118164063,60.0,61.0,8.142041206359863,0.323486328125,1.0,1.0,1.0
2024-05-16 13:00:00.003333,22.163406372070312,72.0,71.90185546875,4.8,367.6056213378906,68.0,67.90283203125,7.9,376.0563354492188,60.0,61.0,8.178369522094727,0.32288458943367,1.0,1.0,1.0
2024-05-16 13:00:00.003345,22.12006378173828,72.0,71.90185546875,4.8,367.6056213378906,68.0,67.90283203125,7.9,375.3521118164063,60.0,61.0,8.178369522094727,0.32288458943367,1.0,1.0,1.0
2024-05-16 13:00:00.003356,22.09721565246582,72.0,71.90185546875,4.8,366.9013977050781,68.0,67.90283203125,8.0,375.3521118164063,60.0,61.0,8.178369522094727,0.32288458943367,1.0,1.0,1.0
2024-05-16 13:00:00.003368,22.19347381591797,72.0,71.90185546875,4.8,366.1971740722656,68.0,67.90283203125,7.9,376.0563354492188,60.0,61.0,8.23172664642334,0.322841614484787,1.0,1.0,1.0
2024-05-16 13:00:00.003380,22.108985900878903,72.0,71.90185546875,4.8,366.9013977050781,68.0,67.90283203125,7.9,376.7605590820313,60.0,61.0,8.23172664642334,0.322841614484787,1.0,1.0,1.0
2024-05-16 13:00:00.003391,22.074874877929688,72.0,71.90185546875,4.8,366.1971740722656,68.0,67.90283203125,8.0,375.3521118164063,60.0,61.0,8.23172664642334,0.322841614484787,1.0,1.0,1.0
2024-05-16 13:00:00.003403,22.12535858154297,72.0,71.90185546875,4.8,365.4929504394531,68.0,67.90283203125,7.9,376.0563354492188,60.0,61.0,8.23172664642334,0.322841614484787,1.0,1.0,1.0
2024-05-16 13:00:00.003414,22.07120513916016,72.0,71.90185546875,4.8,366.1971740722656,68.0,67.90283203125,7.9,376.0563354492188,60.0,61.0,8.1624755859375,0.3229275643825531,1.0,1.0,1.0
2024-05-16 13:00:00.003426,22.071250915527344,72.0,71.90185546875,4.8,366.9013977050781,68.0,67.90283203125,7.9,376.7605590820313,60.0,61.0,8.1624755859375,0.3229275643825531,1.0,1.0,1.0
2024-05-16 13:00:00.003438,22.11271095275879,72.0,71.90185546875,4.8,366.9013977050781,68.0,67.90283203125,8.0,376.7605590820313,60.0,61.0,8.1624755859375,0.3229275643825531,1.0,1.0,1.0
2024-05-16 13:00:00.003449,22.07830238342285,72.0,71.90185546875,4.8,366.1971740722656,68.0,67.90283203125,7.9,376.0563354492188,60.0,61.0,8.15679931640625,0.3234003782272339,1.0,1.0,1.0
2024-05-16 13:00:00.003461,22.06174087524414,72.0,71.90185546875,4.8,367.6056213378906,68.0,67.90283203125,7.9,376.0563354492188,60.0,61.0,8.15679931640625,0.3234003782272339,1.0,1.0,1.0
2024-05-16 13:00:00.003472,22.141481399536133,72.0,71.90185546875,4.8,365.4929504394531,68.0,67.90283203125,7.9,376.0563354492188,60.0,61.0,8.15679931640625,0.3234003782272339,1.0,1.0,1.0
2024-05-16 13:00:00.003484,22.07628631591797,72.0,71.90185546875,4.8,367.6056213378906,68.0,67.90283203125,8.0,376.7605590820313,60.0,61.0,8.149988174438477,0.3238301873207092,1.0,1.0,1.0
2024-05-16 13:00:00.003495,22.02912139892578,72.0,71.90185546875,4.8,367.6056213378906,68.0,67.90283203125,8.0,376.7605590820313,60.0,61.0,8.149988174438477,0.3238301873207092,1.0,1.0,1.0
2024-05-16 13:00:00.003507,22.058290481567383,72.0,71.90185546875,4.8,366.1971740722656,68.0,67.90283203125,7.9,375.3521118164063,60.0,61.0,8.149988174438477,0.3238301873207092,1.0,1.0,1.0
2024-05-16 13:00:00.003518,22.043222427368164,72.0,71.90185546875,4.8,366.9013977050781,68.0,67.90283203125,8.0,376.0563354492188,60.0,61.0,8.144311904907227,0.3232284486293793,1.0,1.0,1.0
2024-05-16 13:00:00.003530,22.065034866333008,72.0,71.90185546875,4.8,365.4929504394531,68.0,67.90283203125,7.9,376.0563354492188,60.0,61.0,8.144311904907227,0.3232284486293793,1.0,1.0,1.0
2024-05-16 13:00:00.003542,22.104341506958008,72.0,71.90185546875,4.8,366.1971740722656,68.0,67.90283203125,7.9,375.3521118164063,60.0,61.0,8.144311904907227,0.3232284486293793,1.0,1.0,1.0
2024-05-16 13:00:00.003553,22.05385971069336,72.0,71.90185546875,4.8,366.1971740722656,68.0,67.90283203125,7.9,376.0563354492188,60.0,61.0,8.144311904907227,0.3232284486293793,1.0,1.0,1.0
2024-05-16 13:00:00.003565,22.10841941833496,72.0,71.90185546875,4.8,366.9013977050781,68.0,67.90283203125,8.0,375.3521118164063,60.0,61.0,8.15679931640625,0.3229275643825531,1.0,1.0,1.0
2024-05-16 13:00:00.003576,22.12496757507324,72.0,71.90185546875,4.8,365.4929504394531,68.0,67.90283203125,7.9,375.3521118164063,60.0,61.0,8.15679931640625,0.3229275643825531,1.0,1.0,1.0
2024-05-16 13:00:00.003588,22.053852081298828,72.0,71.90185546875,4.8,367.6056213378906,68.0,67.90283203125,8.0,375.3521118164063,60.0,61.0,8.15679931640625,0.3229275643825531,1.0,1.0,1.0
2024-05-16 13:00:00.003600,22.09330368041992,72.0,71.90185546875,4.8,367.6056213378906,68.0,67.90283203125,7.9,376.0563354492188,60.0,61.0,8.21356201171875,0.3229275643825531,1.0,1.0,1.0
2024-05-16 13:00:00.003611,22.129152297973636,72.0,71.90185546875,4.8,365.4929504394531,68.0,67.90283203125,7.9,375.3521118164063,60.0,61.0,8.21356201171875,0.3229275643825531,1.0,1.0,1.0
2024-05-16 13:00:00.003623,22.10185432434082,72.0,71.90185546875,4.9,365.4929504394531,68.0,67.90283203125,8.0,376.7605590820313,60.0,61.0,8.21356201171875,0.3229275643825531,1.0,1.0,1.0
2024-05-16 13:00:00.003634,22.09426689147949,72.0,71.90185546875,4.8,366.1971740722656,68.0,67.90283203125,7.9,375.3521118164063,60.0,61.0,8.229455947875977,0.3231854736804962,1.0,1.0,1.0
2024-05-16 13:00:00.003646,22.084657669067383,72.0,71.90185546875,4.8,366.1971740722656,68.0,67.90283203125,7.9,375.3521118164063,60.0,61.0,8.229455947875977,0.3231854736804962,1.0,1.0,1.0
2024-05-16 13:00:00.003657,22.10585594177246,72.0,71.90185546875,4.8,365.4929504394531,68.0,67.90283203125,7.9,376.0563354492188,60.0,61.0,8.229455947875977,0.3231854736804962,1.0,1.0,1.0
2024-05-16 13:00:00.003669,22.128890991210938,72.0,71.90185546875,4.8,366.9013977050781,68.0,67.90283203125,8.0,375.3521118164063,60.0,61.0,8.229455947875977,0.3231854736804962,1.0,1.0,1.0
2024-05-16 13:00:00.003681,22.10543441772461,72.0,71.90185546875,4.8,366.9013977050781,68.0,67.90283203125,8.0,374.64788818359375,60.0,61.0,8.212427139282227,0.3231424689292907,1.0,1.0,1.0
2024-05-16 13:00:00.003692,22.06606674194336,72.0,71.90185546875,4.8,366.1971740722656,68.0,67.90283203125,8.0,376.0563354492188,60.0,61.0,8.212427139282227,0.3231424689292907,1.0,1.0,1.0
2024-05-16 13:00:00.003704,22.142601013183597,72.0,71.90185546875,4.8,367.6056213378906,68.0,67.90283203125,8.0,376.0563354492188,60.0,61.0,8.212427139282227,0.3231424689292907,1.0,1.0,1.0
2024-05-16 13:00:00.003715,22.13570785522461,72.0,71.90185546875,4.8,366.9013977050781,68.0,67.90283203125,7.9,375.3521118164063,60.0,61.0,8.212427139282227,0.3231424689292907,1.0,1.0,1.0
2024-05-16 13:00:00.003727,22.03958320617676,72.0,71.90185546875,4.8,366.9013977050781,68.0,67.90283203125,8.0,376.0563354492188,60.0,61.0,8.159070014953613,0.322841614484787,1.0,1.0,1.0
2024-05-16 13:00:00.003738,22.1325740814209,72.0,71.90185546875,4.8,367.6056213378906,68.0,67.90283203125,8.0,376.0563354492188,60.0,61.0,8.159070014953613,0.322841614484787,1.0,1.0,1.0
2024-05-16 13:00:00.003750,22.14274787902832,72.0,71.90185546875,4.8,367.6056213378906,68.0,67.90283203125,7.9,376.0563354492188,60.0,61.0,8.159070014953613,0.322841614484787,1.0,1.0,1.0
2024-05-16 13:00:00.003762,22.090621948242188,72.0,71.90185546875,4.8,366.9013977050781,68.0,67.90283203125,7.9,375.3521118164063,60.0,61.0,8.151123046875,0.3227556347846985,1.0,1.0,1.0
2024-05-16 13:00:00.003773,22.100500106811523,72.0,71.90185546875,4.9,366.1971740722656,68.0,67.90283203125,7.9,375.3521118164063,60.0,61.0,8.151123046875,0.3227556347846985,1.0,1.0,1.0
2024-05-16 13:00:00.003785,22.073490142822266,72.0,71.90185546875,4.8,365.4929504394531,68.0,67.90283203125,8.0,376.0563354492188,60.0,61.0,8.151123046875,0.3227556347846985,1.0,1.0,1.0
2024-05-16 13:00:00.003796,22.05040168762207,72.0,71.90185546875,4.8,365.4929504394531,68.0,67.90283203125,7.9,375.3521118164063,60.0,61.0,8.14090633392334,0.3225837051868438,1.0,1.0,1.0
2024-05-16 13:00:00.003808,22.040231704711918,72.0,71.90185546875,4.8,365.4929504394531,68.0,67.90283203125,7.9,375.3521118164063,60.0,61.0,8.14090633392334,0.3225837051868438,1.0,1.0,1.0
2024-05-16 13:00:00.003819,22.057615280151367,72.0,71.90185546875,4.8,366.1971740722656,68.0,67.90283203125,8.0,375.3521118164063,60.0,61.0,8.14090633392334,0.3225837051868438,1.0,1.0,1.0
2024-05-16 13:00:00.003831,22.064861297607425,72.0,71.90185546875,4.8,366.1971740722656,68.0,67.90283203125,7.9,375.3521118164063,60.0,61.0,8.14090633392334,0.3225837051868438,1.0,1.0,1.0
2024-05-16 13:00:00.003843,22.104228973388672,72.0,71.90185546875,4.8,366.9013977050781,68.0,67.90283203125,7.9,375.3521118164063,60.0,61.0,8.148852348327637,0.3224117755889892,1.0,1.0,1.0
2024-05-16 13:00:00.003854,22.055116653442383,72.0,71.90185546875,4.8,366.9013977050781,68.0,67.90283203125,8.0,376.0563354492188,60.0,61.0,8.148852348327637,0.3224117755889892,1.0,1.0,1.0
2024-05-16 13:00:00.003866,22.009599685668945,72.0,71.90185546875,4.8,366.1971740722656,68.0,67.90283203125,7.9,376.0563354492188,60.0,61.0,8.148852348327637,0.3224117755889892,1.0,1.0,1.0
2024-05-16 13:00:00.003877,22.120227813720703,72.0,71.90185546875,4.8,366.1971740722656,68.0,67.90283203125,8.0,376.0563354492188,60.0,61.0,8.16815185546875,0.3223257958889007,1.0,1.0,1.0
2024-05-16 13:00:00.003889,22.069826126098636,72.0,71.90185546875,4.8,366.1971740722656,68.0,67.90283203125,8.0,375.3521118164063,60.0,61.0,8.16815185546875,0.3223257958889007,1.0,1.0,1.0
2024-05-16 13:00:00.003901,22.01773834228516,72.0,71.90185546875,4.8,366.9013977050781,68.0,67.90283203125,8.0,376.0563354492188,60.0,61.0,8.16815185546875,0.3223257958889007,1.0,1.0,1.0
2024-05-16 13:00:00.003912,22.026762008666992,72.0,71.90185546875,4.8,366.1971740722656,68.0,67.90283203125,7.9,375.3521118164063,60.0,61.0,8.210156440734863,0.3230135440826416,1.0,1.0,1.0
2024-05-16 13:00:00.003924,22.035547256469727,72.0,71.90185546875,4.8,367.6056213378906,68.0,67.90283203125,8.0,376.0563354492188,60.0,61.0,8.210156440734863,0.3230135440826416,1.0,1.0,1.0
2024-05-16 13:00:00.003935,22.022062301635746,72.0,71.90185546875,4.8,366.9013977050781,68.0,67.90283203125,7.9,376.0563354492188,60.0,61.0,8.210156440734863,0.3230135440826416,1.0,1.0,1.0
2024-05-16 13:00:00.003947,22.023042678833008,72.0,71.90185546875,4.8,367.6056213378906,68.0,67.90283203125,7.9,375.3521118164063,60.0,61.0,8.210156440734863,0.3230135440826416,1.0,1.0,1.0
2024-05-16 13:00:00.003958,22.120868682861328,72.0,71.90185546875,4.9,367.6056213378906,68.0,67.90283203125,8.0,376.0563354492188,60.0,61.0,8.229455947875977,0.3222828209400177,1.0,1.0,1.0
2024-05-16 13:00:00.003970,22.12798118591309,72.0,71.90185546875,4.8,367.6056213378906,68.0,67.90283203125,8.0,376.0563354492188,60.0,61.0,8.229455947875977,0.3222828209400177,1.0,1.0,1.0
2024-05-16 13:00:00.003981,22.031856536865234,72.0,71.90185546875,4.8,368.3098449707031,68.0,67.90283203125,8.0,376.7605590820313,60.0,61.0,8.229455947875977,0.3222828209400177,1.0,1.0,1.0
2024-05-16 13:00:00.003993,22.103599548339844,72.0,71.90185546875,4.8,367.6056213378906,68.0,67.90283203125,8.0,376.7605590820313,60.0,61.0,8.229455947875977,0.3222828209400177,1.0,1.0,1.0
2024-05-16 13:00:00.004005,22.10472297668457,72.0,71.90185546875,4.8,367.6056213378906,68.0,67.90283203125,7.9,376.0563354492188,60.0,61.0,8.164746284484863,0.3227126598358154,1.0,1.0,1.0
2024-05-16 13:00:00.004016,22.10472297668457,72.0,71.90185546875,4.8,366.9013977050781,68.0,67.90283203125,7.9,375.3521118164063,60.0,61.0,8.164746284484863,0.3227126598358154,1.0,1.0,1.0
2024-05-16 13:00:00.004028,22.071849822998047,72.0,71.90185546875,4.8,368.3098449707031,68.0,67.90283203125,7.9,375.3521118164063,60.0,61.0,8.164746284484863,0.3227126598358154,1.0,1.0,1.0
2024-05-16 13:00:00.004039,22.060848236083984,72.0,71.90185546875,4.8,367.6056213378906,68.0,67.90283203125,8.0,376.0563354492188,60.0,61.0,8.160204887390137,0.3232284486293793,1.0,1.0,1.0
2024-05-16 13:00:00.004051,22.103853225708008,72.0,71.90185546875,4.8,367.6056213378906,68.0,67.90283203125,7.9,376.7605590820313,60.0,61.0,8.160204887390137,0.3232284486293793,1.0,1.0,1.0
2024-05-16 13:00:00.004063,22.103853225708008,72.0,71.90185546875,4.8,366.1971740722656,68.0,67.90283203125,8.0,375.3521118164063,60.0,61.0,8.160204887390137,0.3232284486293793,1.0,1.0,1.0
2024-05-16 13:00:00.004074,22.08442497253418,72.0,71.90185546875,4.8,367.6056213378906,68.0,67.90283203125,7.9,375.3521118164063,60.0,61.0,8.130688667297363,0.3235723078250885,1.0,1.0,1.0
2024-05-16 13:00:00.004086,22.05817985534668,72.0,71.90185546875,4.9,365.4929504394531,68.0,67.90283203125,8.0,374.64788818359375,60.0,61.0,8.130688667297363,0.3235723078250885,1.0,1.0,1.0
2024-05-16 13:00:00.004097,22.09754753112793,72.0,71.90185546875,4.8,366.9013977050781,68.0,67.90283203125,7.9,376.0563354492188,60.0,61.0,8.130688667297363,0.3235723078250885,1.0,1.0,1.0
2024-05-16 13:00:00.004109,22.09300804138184,72.0,71.90185546875,4.8,367.6056213378906,68.0,67.90283203125,8.0,376.7605590820313,60.0,61.0,8.098901748657227,0.3233574032783508,1.0,1.0,1.0
2024-05-16 13:00:00.004120,22.043821334838867,72.0,71.90185546875,4.8,368.3098449707031,68.0,67.90283203125,7.9,375.3521118164063,60.0,61.0,8.093225479125977,0.3230994939804077,1.0,1.0,1.0
2024-05-16 13:00:00.004132,22.04513168334961,72.0,71.90185546875,4.8,366.9013977050781,68.0,67.90283203125,7.9,376.7605590820313,60.0,61.0,8.093225479125977,0.3230994939804077,1.0,1.0,1.0
2024-05-16 13:00:00.004144,22.05044937133789,72.0,71.90185546875,4.8,366.9013977050781,68.0,67.90283203125,7.9,376.0563354492188,60.0,61.0,8.093225479125977,0.3230994939804077,1.0,1.0,1.0
2024-05-16 13:00:00.004155,22.00755500793457,72.0,71.90185546875,4.8,367.6056213378906,68.0,67.90283203125,7.9,376.0563354492188,60.0,61.0,8.085278511047363,0.3233574032783508,1.0,1.0,1.0
2024-05-16 13:00:00.004167,22.038637161254883,72.0,71.90185546875,4.8,366.9013977050781,68.0,67.90283203125,7.9,376.0563354492188,60.0,61.0,8.085278511047363,0.3233574032783508,1.0,1.0,1.0
2024-05-16 13:00:00.004178,22.058948516845703,72.0,71.90185546875,4.8,366.1971740722656,68.0,67.90283203125,7.9,376.0563354492188,60.0,61.0,8.085278511047363,0.3233574032783508,1.0,1.0,1.0
2024-05-16 13:00:00.004190,22.04924964904785,72.0,71.90185546875,4.8,366.1971740722656,68.0,67.90283203125,7.9,375.3521118164063,60.0,61.0,8.06711483001709,0.3236582577228546,1.0,1.0,1.0
2024-05-16 13:00:00.004201,22.01874542236328,72.0,71.90185546875,4.8,365.4929504394531,68.0,67.90283203125,8.0,376.7605590820313,60.0,61.0,8.06711483001709,0.3236582577228546,1.0,1.0,1.0
2024-05-16 13:00:00.004213,22.0217399597168,72.0,71.90185546875,4.8,366.9013977050781,68.0,67.90283203125,7.9,376.0563354492188,60.0,61.0,8.06711483001709,0.3236582577228546,1.0,1.0,1.0
2024-05-16 13:00:00.004224,22.046411514282227,72.0,71.90185546875,4.8,366.1971740722656,68.0,67.90283203125,7.9,375.3521118164063,60.0,61.0,8.06711483001709,0.3236582577228546,1.0,1.0,1.0
2024-05-16 13:00:00.004236,22.11421585083008,72.0,71.90185546875,4.8,366.9013977050781,68.0,67.90283203125,8.0,375.3521118164063,60.0,61.0,8.06597900390625,0.3234433531761169,1.0,1.0,1.0
2024-05-16 13:00:00.004248,22.07109832763672,72.0,71.90185546875,4.8,367.6056213378906,68.0,67.90283203125,8.0,375.3521118164063,60.0,61.0,8.06597900390625,0.3234433531761169,1.0,1.0,1.0
2024-05-16 13:00:00.004259,22.05813789367676,72.0,71.90185546875,4.8,366.9013977050781,68.0,67.90283203125,8.0,376.0563354492188,60.0,61.0,8.06597900390625,0.3234433531761169,1.0,1.0,1.0
2024-05-16 13:00:00.004271,22.047687530517575,72.0,71.90185546875,4.8,366.1971740722656,68.0,67.90283203125,8.0,376.0563354492188,60.0,61.0,8.06711483001709,0.3237442374229431,1.0,1.0,1.0
2024-05-16 13:00:00.004282,22.08460807800293,72.0,71.90185546875,4.8,366.1971740722656,68.0,67.90283203125,7.9,375.3521118164063,60.0,61.0,8.06711483001709,0.3237442374229431,1.0,1.0,1.0
2024-05-16 13:00:00.004294,22.07438087463379,72.0,71.90185546875,4.9,366.9013977050781,68.0,67.90283203125,8.0,376.0563354492188,60.0,61.0,8.06711483001709,0.3237442374229431,1.0,1.0,1.0
2024-05-16 13:00:00.004306,22.023897171020508,72.0,71.90185546875,4.8,366.1971740722656,68.0,67.90283203125,8.0,375.3521118164063,60.0,61.0,8.08414363861084,0.3238301873207092,1.0,1.0,1.0
2024-05-16 13:00:00.004317,22.01572799682617,72.0,71.90185546875,4.8,366.1971740722656,68.0,67.90283203125,8.0,375.3521118164063,60.0,61.0,8.08414363861084,0.3238301873207092,1.0,1.0,1.0
2024-05-16 13:00:00.004329,22.022748947143555,72.0,71.90185546875,4.8,367.6056213378906,68.0,67.90283203125,8.0,376.0563354492188,60.0,61.0,8.08414363861084,0.3238301873207092,1.0,1.0,1.0
2024-05-16 13:00:00.004340,22.03080368041992,72.0,71.90185546875,4.8,366.1971740722656,68.0,67.90283203125,8.0,376.0563354492188,60.0,61.0,8.08414363861084,0.3238301873207092,1.0,1.0,1.0
2024-05-16 13:00:00.004352,22.04998016357422,72.0,71.90185546875,4.8,366.1971740722656,68.0,67.90283203125,7.9,376.0563354492188,60.0,61.0,8.142041206359863,0.3237442374229431,1.0,1.0,1.0
2024-05-16 13:00:00.004363,22.053617477416992,72.0,71.90185546875,4.8,366.9013977050781,68.0,67.90283203125,8.0,376.0563354492188,60.0,61.0,8.142041206359863,0.3237442374229431,1.0,1.0,1.0
2024-05-16 13:00:00.004375,22.050949096679688,72.0,71.90185546875,4.8,366.1971740722656,68.0,67.90283203125,7.9,376.0563354492188,60.0,61.0,8.142041206359863,0.3237442374229431,1.0,1.0,1.0
2024-05-16 13:00:00.004387,22.03563499450684,72.0,71.90185546875,4.8,366.1971740722656,68.0,67.90283203125,7.9,375.3521118164063,60.0,61.0,8.130688667297363,0.3235723078250885,1.0,1.0,1.0
2024-05-16 13:00:00.004398,22.052488327026367,72.0,71.90185546875,4.8,366.9013977050781,68.0,67.90283203125,7.9,376.0563354492188,60.0,61.0,8.130688667297363,0.3235723078250885,1.0,1.0,1.0
2024-05-16 13:00:00.004410,22.072490692138672,72.0,71.90185546875,4.8,367.6056213378906,68.0,67.90283203125,7.9,376.0563354492188,60.0,61.0,8.130688667297363,0.3235723078250885,1.0,1.0,1.0
2024-05-16 13:00:00.004421,22.040987014770508,72.0,71.90185546875,4.8,366.9013977050781,68.0,67.90283203125,7.9,376.0563354492188,60.0,61.0,8.127283096313477,0.3238731920719147,1.0,1.0,1.0
2024-05-16 13:00:00.004433,22.039949417114254,72.0,71.90185546875,4.8,366.9013977050781,68.0,67.90283203125,7.9,375.3521118164063,60.0,61.0,8.127283096313477,0.3238731920719147,1.0,1.0,1.0
2024-05-16 13:00:00.004444,22.042558670043945,72.0,71.90185546875,4.8,367.6056213378906,68.0,67.90283203125,8.0,376.0563354492188,60.0,61.0,8.127283096313477,0.3238731920719147,1.0,1.0,1.0
2024-05-16 13:00:00.004456,22.06275749206543,72.0,71.90185546875,4.8,366.9013977050781,68.0,67.90283203125,7.9,376.0563354492188,60.0,61.0,8.127283096313477,0.3238731920719147,1.0,1.0,1.0
2024-05-16 13:00:00.004468,22.087247848510746,72.0,71.90185546875,4.8,365.4929504394531,68.0,67.90283203125,8.0,375.3521118164063,60.0,61.0,8.147717475891113,0.3229275643825531,1.0,1.0,1.0
2024-05-16 13:00:00.004479,22.098228454589844,72.0,71.90185546875,4.8,365.4929504394531,68.0,67.90283203125,7.9,375.3521118164063,60.0,61.0,8.147717475891113,0.3229275643825531,1.0,1.0,1.0
2024-05-16 13:00:00.004491,22.04229736328125,72.0,71.90185546875,4.8,367.6056213378906,68.0,67.90283203125,8.0,376.0563354492188,60.0,61.0,8.147717475891113,0.3229275643825531,1.0,1.0,1.0
2024-05-16 13:00:00.004502,22.029565811157227,72.0,71.90185546875,4.8,366.9013977050781,68.0,67.90283203125,7.9,376.0563354492188,60.0,61.0,8.19199275970459,0.3232714235782623,1.0,1.0,1.0
2024-05-16 13:00:00.004514,22.043384552001957,72.0,71.90185546875,4.8,366.1971740722656,68.0,67.90283203125,7.9,376.0563354492188,60.0,61.0,8.19199275970459,0.3232714235782623,1.0,1.0,1.0
2024-05-16 13:00:00.004525,22.07325935363769,72.0,71.90185546875,4.8,366.1971740722656,68.0,67.90283203125,8.0,376.0563354492188,60.0,61.0,8.19199275970459,0.3232714235782623,1.0,1.0,1.0
2024-05-16 13:00:00.004537,22.10181999206543,72.0,71.90185546875,4.8,365.4929504394531,68.0,67.90283203125,7.9,375.3521118164063,60.0,61.0,8.19199275970459,0.3232714235782623,1.0,1.0,1.0
2024-05-16 13:00:00.004549,22.06848526000977,72.0,71.90185546875,4.8,366.1971740722656,68.0,67.90283203125,7.9,375.3521118164063,60.0,61.0,8.228320121765137,0.3232284486293793,1.0,1.0,1.0
2024-05-16 13:00:00.004560,22.027099609375,72.0,71.90185546875,4.8,366.1971740722656,68.0,67.90283203125,8.0,375.3521118164063,60.0,61.0,8.228320121765137,0.3232284486293793,1.0,1.0,1.0
2024-05-16 13:00:00.004572,22.021224975585938,72.0,71.90185546875,4.8,366.9013977050781,68.0,67.90283203125,7.9,375.3521118164063,60.0,61.0,8.228320121765137,0.3232284486293793,1.0,1.0,1.0
2024-05-16 13:00:00.004583,22.05359649658203,72.0,71.90185546875,4.8,366.1971740722656,68.0,67.90283203125,7.9,375.3521118164063,60.0,61.0,8.22605037689209,0.3233574032783508,1.0,1.0,1.0
2024-05-16 13:00:00.004595,22.09736442565918,72.0,71.90185546875,4.8,365.4929504394531,68.0,67.90283203125,8.0,375.3521118164063,60.0,61.0,8.22605037689209,0.3233574032783508,1.0,1.0,1.0
